period,posto,population,Posto
2007,7 De Abril,29329,7 DE ABRIL
2018,7 De Abril,43351,7 DE ABRIL
2007,Alto Changane,19317,ALTO CHANGANE
2018,Alto Changane,23806,ALTO CHANGANE
2007,Alto Ligonha,64466,ALTO LIGONHA
2018,Alto Ligonha,86604,ALTO LIGONHA
2007,Alto Molocue,184132,ALTO_MOLOCUE
2018,Alto Molocue,323305,ALTO_MOLOCUE
2007,Alua,88218,ALUA
2018,Alua,125143,ALUA
2007,Amatongas,40599,AMATONGAS
2018,Amatongas,67712,AMATONGAS
2007,Anchilo,75543,ANCHILO
2018,Anchilo,140090,ANCHILO
2007,Ancuabe,40989,ANCUABE
2018,Ancuabe,52430,ANCUABE
2007,Cidade de Angoche,89998,ANGOCHE
2018,Cidade de Angoche,124304,ANGOCHE
2007,Aube,43765,AUBE
2018,Aube,60448,AUBE
2007,Bajone,70302,BAJONE
2018,Bajone,88747,BAJONE
2007,Balama,67970,BALAMA
2018,Balama,89742,BALAMA
2007,Bazaruto,2593,BAZARUTO
2018,Bazaruto,3873,BAZARUTO
2007,Buzua,9734,BAZUA
2018,Buzua,15811,BAZUA
2007,Bela Vista,15015,BELA VISTA
2018,Bela Vista,18097,BELA VISTA
2007,Bilibiza,13388,BILIBIZA
2018,Bilibiza,15518,BILIBIZA
2007,Boane,67745,BOANE
2018,Boane,146879,BOANE
2007,Boila Nametoria,105586,BOILA
2018,Boila Nametoria,145834,BOILA
2007,Buzi,96078,BUZI
2018,Buzi,132929,BUZI
2007,Cafumpe,36915,CAFUMPE
2018,Cafumpe,61568,CAFUMPE
2007,Caia-Sede,54926,CAIA
2018,Caia-Sede,85769,CAIA
2007,Calanga,9524,CALANGA
2018,Calanga,23645,CALANGA
2007,Calipo,43440,CALIPO
2018,Calipo,95348,CALIPO
2007,Campo,40567,CAMPO
2018,Campo,71579,CAMPO
2007,Cani‹àAdo,5689,CANIÃ‡ADO
2018,Cani‹àAdo,8345,CANIÃ‡ADO
2007,Canxixe,20656,CANXIXE
2018,Canxixe,30675,CANXIXE
2007,Catandica,92362,CATANDICA
2018,Catandica,234763,CATANDICA
2007,Catuane,7158,CATUANE
2018,Catuane,8627,CATUANE
2007,Chai,16261,CHAI
2018,Chai,20686,CHAI
2007,Chaimite,31846,CHAIMITE
2018,Chaimite,39246,CHAIMITE
2007,Chalaua,77254,CHALAUA
2018,Chalaua,106790,CHALAUA
2007,Changalane,13538,CHANGALANE
2018,Changalane,19610,CHANGALANE
2007,Changanine,3807,CHANGANINE
2018,Changanine,4692,CHANGANINE
2007,Chapa,10459,CHAPA
2018,Chapa,13136,CHAPA
2007,Chare,35272,CHARRE
2018,Chare,60264,CHARRE
2007,Chemba,21051,CHEMBA
2018,Chemba,30685,CHEMBA
2007,Chibabava,11806,CHIBABAVA
2018,Chibabava,19063,CHIBABAVA
2007,Chibonzane,26457,CHIBONZANE
2018,Chibonzane,31200,CHIBONZANE
2007,Chibuto,63184,CHIBUTO
2018,Chibuto,77866,CHIBUTO
2007,Chicomo,36457,CHICOMO
2018,Chicomo,43573,CHICOMO
2007,Chiconono,8270,CHICONONO
2018,Chiconono,13989,CHICONONO
2007,Chicumbane,80181,CHICUMBANE
2018,Chicumbane,96837,CHICUMBANE
2007,Chidenguele,55028,CHIDENGUELE
2018,Chidenguele,64893,CHIDENGUELE
2007,Chidzolomondo,34532,CHIDZOLOMONDO
2018,Chidzolomondo,111427,CHIDZOLOMONDO
2007,Chifunde,11682,CHIFUNDE
2018,Chifunde,29929,CHIFUNDE
2007,Chigubo Sede,9214,CHIGUBO
2018,Chigubo Sede,17161,CHIGUBO
2007,Chihulo,14433,CHIHULO
2018,Chihulo,19997,CHIHULO
2007,Chimbonila,60866,CHIMBONILA
2018,Chimbonila,101500,CHIMBONILA
2007,Chinde Sede,40850,CHINDE
2018,Chinde Sede,50282,CHINDE
2007,Chinga,13584,CHINGA
2018,Chinga,20426,CHINGA
2007,Chitholo,3480,CHINTHOLO
2018,Chitholo,6717,CHINTHOLO
2007,Chinhopo,24860,CHINTHOPO
2018,Chinhopo,49293,CHINTHOPO
2007,Chipembere,61277,CHIPEMBERE
2018,Chipembere,95306,CHIPEMBERE
2007,Chipene,27089,CHIPENE
2018,Chipene,35325,CHIPENE
2007,Chipera,10554,CHIPERA
2018,Chipera,17634,CHIPERA
2007,Chiputo,9779,CHIPUTU
2018,Chiputo,16339,CHIPUTU
2007,Chiramba,17820,CHIRAMBA
2018,Chiramba,25976,CHIRAMBA
2007,Chire,91543,CHIRE
2018,Chire,143758,CHIRE
2007,Chissano,52376,CHISSANO
2018,Chissano,64070,CHISSANO
2007,Chitima,46638,CHITIMA
2018,Chitima,90026,CHITIMA
2007,Chitobe,74645,CHITOBE
2018,Chitobe,122471,CHITOBE
2007,Chitunda,22266,CHITUNDA
2018,Chitunda,26258,CHITUNDA
2007,Chiurairue,77975,CHIURAIRUE
2018,Chiurairue,152791,CHIURAIRUE
2007,Chiure Sede,75724,CHIURE
2018,Chiure Sede,96885,CHIURE
2007,Chiure Velho,33346,CHIURE VELHO
2018,Chiure Velho,42664,CHIURE VELHO
2007,Chiuta,21654,CHIUTA
2018,Chiuta,58480,CHIUTA
2007,Chivongoene,28492,CHIVONGOENE
2018,Chivongoene,41793,CHIVONGOENE
2007,Choa,11984,CHOA
2018,Choa,30461,CHOA
2007,Cidade de Chokwe,53062,CHOKWE
2018,Cidade de Chokwe,63834,CHOKWE
2007,Chongoene,101975,CHONGOENE
2018,Chongoene,123158,CHONGOENE
2007,Chupanga,37823,CHUPANGA
2018,Chupanga,76226,CHUPANGA
2007,Cidade da Beira,431583,CIDADE_DA_BEIRA
2018,Cidade Da Beira,499576,CIDADE_DA_BEIRA
2007,Matola,671556,CIDADE_DA_MATOLA
2018,Matola,1211553,CIDADE_DA_MATOLA
2007,Cidade De Chimoio,237497,CIDADE_DE_CHIMOIO
2018,Cidade De Chimoio,398456,CIDADE_DE_CHIMOIO
2007,Cidade De Inhambane,65149,CIDADE_DE_INHAMBANE
2018,Cidade De Inhambane,92127,CIDADE_DE_INHAMBANE
2007,Cidade De Lichinga,142331,CIDADE_DE_LICHINGA
2018,Cidade De Lichinga,311308,CIDADE_DE_LICHINGA
2007,Cidade De Maputo,1094628,CIDADE_DE_MAPUTO
2018,Cidade De Maputo,1383486,CIDADE_DE_MAPUTO
2007,Cidade De Nampula,471717,CIDADE_DE_NAMPULA
2018,Cidade De Nampula,807468,CIDADE_DE_NAMPULA
2007,Cidade De Pemba,138716,CIDADE_DE_PEMBA
2018,Cidade De Pemba,267119,CIDADE_DE_PEMBA
2007,Cidade De Quelimane,193343,CIDADE_DE_QUELIMANE
2018,Cidade De Quelimane,293200,CIDADE_DE_QUELIMANE
2007,Cidade De Tete,155870,CIDADE_DE_TETE
2018,Cidade De Tete,275678,CIDADE_DE_TETE
2007,Cidade De Xai-Xai,115752,CIDADE_DE_XAI-XAI
2018,Cidade De Xai-Xai,139797,CIDADE_DE_XAI-XAI
2007,Cobue,17289,COBUE
2018,Cobue,29991,COBUE
2007,Combomune,9641,COMBOMUNE
2018,Combomune,13338,COMBOMUNE
2007,Corrane,52394,CORRANE
2018,Corrane,77444,CORRANE
2007,Covo,22141,COVO
2018,Covo,36840,COVO
2007,Cidade de Cuamba,79013,CUAMBA
2018,Cidade de Cuamba,133484,CUAMBA
2007,Cumbana,53317,CUMBANA
2018,Cumbana,73408,CUMBANA
2007,Cunle,20412,CUNLE
2018,Cunle,36297,CUNLE
2007,Dacata,92376,DACATA
2018,Dacata,181010,DACATA
2007,Derre,72662,DERRE
2018,Derre,114107,DERRE
2007,Diaca,17356,DIACA
2018,Diaca,23851,DIACA
2007,Dindiza,11511,DINDIZA
2018,Dindiza,21439,DINDIZA
2007,Divinhe,14585,DIVINHE
2018,Divinhe,20574,DIVINHE
2007,Doa,67618,DOA
2018,Doa,115529,DOA
2007,Dombe,49404,DOMBE
2018,Dombe,79137,DOMBE
2007,Domue,156939,DOMUE
2018,Domue,241110,DOMUE
2007,Dondo,70817,DONDO
2018,Dondo,103252,DONDO
2007,Espungabera,24211,ESPUNGABERA
2018,Espungabera,47441,ESPUNGABERA
2007,Estaquinha,36099,ESTAQUINHA
2018,Estaquinha,49945,ESTAQUINHA
2007,Etatara,31884,ETARARA
2018,Etatara,53865,ETARARA
2007,Fingoe,21443,FINGOE
2018,Fingoe,35827,FINGOE
2007,Funhalouro,26121,FUNHALOURO
2018,Funhalouro,40418,FUNHALOURO
2007,Furancungo,76341,FURANCUNGO
2018,Furancungo,246335,FURANCUNGO
2007,Galinha,20968,GALINHA
2018,Galinha,42628,GALINHA
2007,Gile,104819,GILE
2018,Gile,140815,GILE
2007,Godide,17720,GODIDE
2018,Godide,21838,GODIDE
2007,Gondola,33877,GONDOLA
2018,Gondola,56501,GONDOLA
2007,Gonhane,23702,GONHANE
2018,Gonhane,28502,GONHANE
2007,Goonda,25562,GOONDA
2018,Goonda,41274,GOONDA
2007,Gorongosa,59585,GORONGOSA
2018,Gorongosa,105675,GORONGOSA
2007,Guro Sede,28347,GURO
2018,Guro Sede,50690,GURO
2007,Cidade de Gurue,145466,GURUE
2018,Cidade de Gurue,255625,GURUE
2007,Homoine-Sede,88653,HOMOINE
2018,Homoine-Sede,123104,HOMOINE
2007,Hucula,12294,HUCULA
2018,Hucula,16941,HUCULA
2007,Iapala,86531,IAPALA
2018,Iapala,153873,IAPALA
2007,Ibo-Sede,6780,IBO
2018,Ibo-Sede,10181,IBO
2007,Ile,163676,ILE
2018,Ile,210807,ILE
2007,Ilha de Mocambique,13350,ILHA_DE_MOÃ‡AMBIQUE
2018,Ilha de Mocambique,17355,ILHA_DE_MOÃ‡AMBIQUE
2007,Ilha Josina Machel,9346,ILHA JOSINA MACHEL
2018,Ilha Josina Machel,23203,ILHA JOSINA MACHEL
2007,Ilha Licom,0,ILHA LICOM
2018,Ilha Licom,0,ILHA LICOM
2007,Ilha Risunodo,0,ILHA RISUNODO
2018,Ilha Risunodo,0,ILHA RISUNODO
2007,Imala,37884,IMALA
2018,Imala,55071,IMALA
2007,Imbuho,17488,IMBUO
2018,Imbuho,21964,IMBUO
2007,Impiri,19694,IMPIRI
2018,Impiri,26002,IMPIRI
2007,Inchope,36387,INCHOPE
2018,Inchope,60688,INCHOPE
2007,Inhaminga,27293,INHAMINGA
2018,Inhaminga,84081,INHAMINGA
2007,Inhamitanga,6800,INHAMITANGA
2018,Inhamitanga,20949,INHAMITANGA
2007,Inhangoma,63627,INHANGOMA
2018,Inhangoma,108711,INHANGOMA
2007,Inharrime Sede,72074,INHARRIME
2018,Inharrime Sede,116221,INHARRIME
2007,Inhassoro,45597,INHASSORO
2018,Inhassoro,68097,INHASSORO
2007,Inhassunge,67494,INHASSUNGE
2018,Inhassunge,81164,INHASSUNGE
2007,Insaca,135231,INSACA
2018,Insaca,365212,INSACA
2007,Intete,34023,INTETE
2018,Intete,46508,INTETE
2007,Itepela,8544,ITEPELA
2018,Itepela,19900,ITEPELA
2007,Itoculo,60774,ITOCULO
2018,Itoculo,90249,ITOCULO
2007,Iuluti,57622,IULUTI
2018,Iuluti,126476,IULUTI
2007,Jangamo,40085,JANGAMO
2018,Jangamo,55190,JANGAMO
2007,Kachembe,64019,KACHEMBE
2018,Kachembe,99571,KACHEMBE
2007,Kambulatsitsi,29298,KAMBULATSISI
2018,Kambulatsitsi,72189,KAMBULATSISI
2007,Katapua,19411,KATAPUA
2018,Katapua,24835,KATAPUA
2007,Kazula,21230,KAZULA
2018,Kazula,34313,KAZULA
2007,Kwekwe,21748,KUEKUE
2018,Kwekwe,28714,KUEKUE
2007,Lago Niassa,0,LAGO NIASSA
2018,Lago Niassa,0,LAGO NIASSA
2007,Lalaua-Sede,55971,LALAUA
2018,Lalaua-Sede,78506,LALAUA
2007,Larde,39519,LARDE
2018,Larde,54628,LARDE
2007,Lioma,84866,LIOMA
2018,Lioma,149134,LIOMA
2007,Lionde,42200,LIONDE
2018,Lionde,50767,LIONDE
2007,Lione,22364,LIONE
2018,Lione,37294,LIONE
2007,Liupo,25576,LIUPO
2018,Liupo,39521,LIUPO
2007,Luabo,44916,LUABO
2018,Luabo,55287,LUABO
2007,Luenha,31249,LUENHA
2018,Luenha,48603,LUENHA
2007,Lugela,43496,LUGELA
2018,Lugela,55208,LUGELA
2007,Luhno,27181,LUHNO
2018,Luhno,35294,LUHNO
2007,Lumbo,34713,LUMBO
2018,Lumbo,45126,LUMBO
2007,Lunga,31740,LUNGA
2018,Lunga,44250,LUNGA
2007,Lurio,90570,LURIO
2018,Lurio,146576,LURIO
2007,Lussimbeze,29278,LUSSIMBESSE
2018,Lussimbeze,44842,LUSSIMBESSE
2007,Mabalane Sede,13535,MABALANE
2018,Mabalane Sede,18726,MABALANE
2007,Mabote,22587,MABOTE
2018,Mabote,30338,MABOTE
2007,Macaloge,10066,MACALOGE
2018,Macaloge,15417,MACALOGE
2007,Macarretane,29777,MACARRETANE
2018,Macarretane,35822,MACARRETANE
2007,Macate,55194,MACATE
2018,Macate,92054,MACATE
2007,Machanga,27517,MACHANGA
2018,Machanga,38817,MACHANGA
2007,Machipanda,42606,MACHIPANDA
2018,Machipanda,70195,MACHIPANDA
2007,Machoca,23761,MACHOCA
2018,Machoca,32742,MACHOCA
2007,Machubo,4723,MACHUBO
2018,Machubo,12839,MACHUBO
2007,Macia,38877,MACIA
2018,Macia,47557,MACIA
2007,Macomia-Sede,32638,MACOMIA
2018,Macomia-Sede,41519,MACOMIA
2007,Macossa,10953,MACOSSA
2018,Macossa,29581,MACOSSA
2007,Macuacua,14358,MACUACUA
2018,Macuacua,16932,MACUACUA
2007,Macuse,91717,MACUZE
2018,Macuse,164587,MACUZE
2007,Mafambisse,53067,MAFAMBISSE
2018,Mafambisse,77372,MAFAMBISSE
2007,Mangaja da Costa,107607,MAGANJA
2018,Mangaja da Costa,135839,MAGANJA
2007,Magude,37153,MAGUDE
2018,Magude,49485,MAGUDE
2007,Mahate,19870,MAHATE
2018,Mahate,23031,MAHATE
2007,Mahele,2294,MAHELE
2018,Mahele,3055,MAHELE
2007,Maiaca,13355,MAIACA
2018,Maiaca,20433,MAIACA
2007,Majaua,59200,MAJAUA
2018,Majaua,93969,MAJAUA
2007,Makluane,7956,MAKLUANE
2018,Makluane,9732,MAKLUANE
2007,Majune Sede/Malanga,24635,MALANGA
2018,Majune Sede/Malanga,39678,MALANGA
2007,Malehice,55808,MALEHICE
2018,Malehice,68776,MALEHICE
2007,Malema/Canhunha,99932,MALEMA
2018,Malema/Canhunha,138456,MALEMA
2007,Molowera,41098,MALOWERA
2018,Molowera,68667,MALOWERA
2007,Maluana,17630,MALUANA
2018,Maluana,43770,MALUANA
2007,Mandie,17112,MANDIE
2018,Mandie,30600,MANDIE
2007,Mandimba Sede,96405,MANDIMBA
2018,Mandimba Sede,174404,MANDIMBA
2007,Mandlakaze,26122,MANDLAKAZE
2018,Mandlakaze,30805,MANDLAKAZE
2007,Municipio de Manhica,56165,MANHIÃ‡A
2018,Municipio De Manhica,139440,MANHIÃ‡A
2007,Maniamba,21509,MANIAMBA
2018,Maniamba,37311,MANIAMBA
2007,Cidade de Manica,36124,MANICA
2018,Cidade de Manica,59516,MANICA
2007,Manje,54180,MANJE
2018,Manje,87567,MANJE
2007,Mapai,17616,MAPAI
2018,Mapai,22393,MAPAI
2007,Mapinhane,65489,MAPINHANE
2018,Mapinhane,94311,MAPINHANE
2007,Mapulanguene,1834,MAPULANGUENE
2018,Mapulanguene,2443,MAPULANGUENE
2007,Mapupulo,47859,MAPUPULO
2018,Mapupulo,65917,MAPUPULO
2007,Maquival,109895,MAQUIVAL
2018,Maquival,134760,MAQUIVAL
2007,Marangira,5287,MARANGIRA
2018,Marangira,8284,MARANGIRA
2007,Maringue,39984,MARINGUE
2018,Maringue,59378,MARINGUE
2007,Marracuene,80252,MARRACUENE
2018,Marracuene,218156,MARRACUENE
2007,Marromeu,75596,MARROMEU
2018,Marromeu,152351,MARROMEU
2007,Marrupa - Sede,42615,MARRUPA
2018,Marrupa - Sede,66774,MARRUPA
2007,Massangena,9404,MASSANGENA
2018,Massangena,12026,MASSANGENA
2007,Massangulo,55505,MASSANGULO
2018,Massangulo,129277,MASSANGULO
2007,Massinga,149835,MASSINGA
2018,Massinga,179082,MASSINGA
2007,Massingir,11155,MASSINGIR
2018,Massingir,16134,MASSINGIR
2007,Matchedje,1880,MATCHEDJE
2018,Matchedje,2879,MATCHEDJE
2007,Matibane,34890,MATIBANE
2018,Matibane,48642,MATIBANE
2007,Matola Rio,34810,MATOLA RIO
2018,Matola Rio,75472,MATOLA RIO
2007,Matondovela,746,MATONDOVELA
2018,Matondovela,1133,MATONDOVELA
2007,Matsinho,36981,MATSINHO
2018,Matsinho,61678,MATSINHO
2007,Maua,36042,MAUA
2018,Maua,55144,MAUA
2007,Mavago Sede,15788,MAVAGO
2018,Mavago Sede,29192,MAVAGO
2007,Mavala,14688,MAVALA
2018,Mavala,19393,MAVALA
2007,Mavodze,8366,MAVODZE
2018,Mavodze,12100,MAVODZE
2007,Mavonde,25592,MAVONDE
2018,Mavonde,42164,MAVONDE
2007,Mavue,6376,MAVUE
2018,Mavue,8154,MAVUE
2007,Mawayela,5319,MAWAYELA
2018,Mawayela,6432,MAWAYELA
2007,Maxixe,108824,MAXIXE
2018,Maxixe,145430,MAXIXE
2007,Mazeze,18315,MAZEZE
2018,Mazeze,23433,MAZEZE
2007,Mazivila,22917,MAZIVILA
2018,Mazivila,28034,MAZIVILA
2007,Mazucane,13060,MAZUCANE
2018,Mazucane,15401,MAZUCANE
2007,Mazula,76142,MAZULA
2018,Mazula,99292,MAZULA
2007,Mbau,11263,MBAU
2018,Mbau,15478,MBAU
2007,Meconta,22650,MECONTA
2018,Meconta,33479,MECONTA
2007,Mecuburi,79506,MECUBURI
2018,Mecuburi,110982,MECUBURI
2007,Mecufi,28788,MECUFI
2018,Mecufi,36217,MECUFI
2007,Mecula Sede,13033,MECULA
2018,Mecula Sede,19802,MECULA
2007,Megaza,32638,MEGAZA
2018,Megaza,51254,MEGAZA
2007,Meloco,26367,MELOCO
2018,Meloco,36333,MELOCO
2007,Meluco,14479,MELUCO
2018,Meluco,16501,MELUCO
2007,Memba,109899,MEMBA
2018,Memba,143313,MEMBA
2007,Meponda,11742,MEPONDA
2018,Meponda,19581,MEPONDA
2007,Mepuagiua,67603,MEPUAGIUA
2018,Mepuagiua,118798,MEPUAGIUA
2007,Meza,29190,MESA
2018,Meza,37337,MESA
2007,Messano,21471,MESSANO
2018,Messano,26265,MESSANO
2007,Messica,50528,MESSICA
2018,Messica,83247,MESSICA
2007,Metangula/Lunho,44301,METANGULA
2018,Metangula/Lunho,76848,METANGULA
2007,Metarica,18924,METARICA
2018,Metarica,78812,METARICA
2007,Meti,17565,METI
2018,Meti,24637,METI
2007,Metoro,37059,METORO
2018,Metoro,47403,METORO
2007,Metuge Sede,31536,METUGE
2018,Metuge Sede,51899,METUGE
2007,Mecaune,34132,MICAUNE
2018,Mecaune,42013,MICAUNE
2007,Mieze,31564,MIEZE
2018,Mieze,51945,MIEZE
2007,Milange,256963,MILANGE
2018,Milange,407880,MILANGE
2007,Milhana,15179,MILHANA
2018,Milhana,21188,MILHANA
2007,Mirate,38777,MIRATE
2018,Mirate,53408,MIRATE
2007,Mitande,37243,MITANDE
2018,Mitande,67375,MITANDE
2007,Miteda,20649,MITEDA
2018,Miteda,24351,MITEDA
2007,Moamba,16862,MOAMBA
2018,Moamba,23790,MOAMBA
2007,Moatize,78634,MOATIZE
2018,Moatize,193750,MOATIZE
2007,Mocimboa Da Praia,61802,MOCIMBOA_DA_PRAIA
2018,Mocimboa Da Praia,84931,MOCIMBOA_DA_PRAIA
2007,Cidade de Mocuba,168736,MOCUBA
2018,Cidade de Mocuba,268477,MOCUBA
2007,Mocubela,34964,MOCUBELA
2018,Mocubela,44137,MOCUBELA
2007,Mocumbi,25876,MOCUMBI
2018,Mocumbi,41726,MOCUMBI
2007,Molumbo,86470,MOLUMBO
2018,Molumbo,137255,MOLUMBO
2007,Moma,164564,MOMA
2018,Moma,227480,MOMA
2007,Monapo Sede,132265,MONAPO
2018,Monapo Sede,196412,MONAPO
2007,Mongue,96002,MONGUE
2018,Mongue,152385,MONGUE
2007,cidade de Montepuez,76139,MONTEPUEZ
2018,Cidade de Montepuez,104867,MONTEPUEZ
2007,Mopeia,74724,MOPEIA
2018,Mopeia,131848,MOPEIA
2007,Morrumbala,162070,MORRUMBALA
2018,Morrumbala,254512,MORRUMBALA
2007,Morrumbene,62633,MORRUMBENE
2018,Morrumbene,86926,MORRUMBENE
2007,Mossuril Sede,49671,MOSSURIL
2018,Mossuril Sede,69249,MOSSURIL
2007,Motaze,7824,MOTAZE
2018,Motaze,10421,MOTAZE
2007,Mapheende,13522,MPHENDE
2018,Mapheende,26812,MPHENDE
2007,M'sawize,4453,M'SAWIZE
2018,M'sawize,8234,M'SAWIZE
2007,M'tamba,12549,M'TAMBA
2018,M'tamba,14827,M'TAMBA
2007,Muabanama,10653,MUABANAMA
2018,Muabanama,13522,MUABANAMA
2007,Muaguide,10158,MUAGUIDE
2018,Muaguide,11577,MUAGUIDE
2007,Mualadze,68960,MUALADZE
2018,Mualadze,176676,MUALADZE
2007,Mualama,65041,MUALAMA
2018,Mualama,92515,MUALAMA
2007,Muanza,4257,MUANZA
2018,Muanza,8655,MUANZA
2007,Muaquia,2078,MUAQUIA
2018,Muaquia,3347,MUAQUIA
2007,Muatua,35940,MUATUA
2018,Muatua,78886,MUATUA
2007,Mubangoene,30066,MUBANGOENE
2018,Mubangoene,44101,MUBANGOENE
2007,Mucoduene,61803,MUCODUENE
2018,Mucoduene,85774,MUCODUENE
2007,Mucojo,22355,MUCOJO
2018,Mucojo,28438,MUCOJO
2007,Mucuali,29353,MUCUALI
2018,Mucuali,40575,MUCUALI
2007,Mucoluane,10273,MUCULOENE
2018,Mucoluane,14934,MUCULOENE
2007,Muecate,45749,MUECATE
2018,Muecate,66505,MUECATE
2007,Mueda-Sede,52651,MUEDA
2018,Mueda-Sede,66128,MUEDA
2007,Muembe,20375,MUEMBE
2018,Muembe,34466,MUEMBE
2007,Mugazine,5577,MUGAZINE
2018,Mugazine,6722,MUGAZINE
2007,Mugeba,87770,MUGEBA
2018,Mugeba,139651,MUGEBA
2007,Muidumbe,29925,MUIDUMBE
2018,Muidumbe,35290,MUIDUMBE
2007,Muipite,9617,MUIPITE
2018,Muipite,14362,MUIPITE
2007,Muite,30653,MUITE
2018,Muite,42788,MUITE
2007,Mukumbura,30470,MUKUMBURA
2018,Mukumbura,60417,MUKUMBURA
2007,Mulevala,74665,MULEVALA
2018,Mulevala,96165,MULEVALA
2007,Mulima,25110,MULIMA
2018,Mulima,36602,MULIMA
2007,Mungari,14436,MUNGARI
2018,Mungari,25814,MUNGARI
2007,Munhamade,62264,MUNHAMADE
2018,Munhamade,79030,MUNHAMADE
2007,Muhoa,17936,MUOHA
2018,Muhoa,28730,MUOHA
2007,MurraÃƒÂ§a,24118,MURRAÃ‡A
2018,MurraÃƒÂ§a,37661,MURRAÃ‡A
2007,Murrebue,14497,MURREBUE
2018,Murrebue,18238,MURREBUE
2007,Murrupula,96540,MURRUPULA
2018,Murrupula,145164,MURRUPULA
2007,Mutivaze,18235,MUTIVASSE
2018,Mutivaze,33816,MUTIVASSE
2007,Mutuali,50533,MUTUALI
2018,Mutuali,70013,MUTUALI
2007,Muxungue,64638,MUXUNGUE
2018,Muxungue,104368,MUXUNGUE
2007,Muze,24450,MUZE
2018,Muze,45996,MUZE
2007,Naburi,59581,NABURI
2018,Naburi,84749,NABURI
2007,Nacala,172064,NACALA
2018,Nacala,234527,NACALA
2007,Nacala Velha,66666,NACALA-A-VELHA
2018,Nacala Velha,110924,NACALA-A-VELHA
2007,Nacaroa,53320,NACAROA
2018,Nacaroa,72886,NACAROA
2007,Nacumua,10515,NACUMUA
2018,Nacumua,43791,NACUMUA
2007,Nairoto,8582,NAIROTO
2018,Nairoto,11820,NAIROTO
2007,Nairrubi,2989,NAIRRUBI
2018,Nairrubi,4814,NAIRRUBI
2007,Nalazi,11059,NALAZI
2018,Nalazi,16222,NALAZI
2007,Namaacha,28416,NAMAACHA
2018,Namaacha,41161,NAMAACHA
2007,Namacurra,94693,NAMACURRA
2018,Namacurra,169927,NAMACURRA
2007,Namaita,52464,NAMAITA
2018,Namaita,97291,NAMAITA
2007,Namanhumbir,22245,NAMANHUMBIR
2018,Namanhumbir,30638,NAMANHUMBIR
2007,Namajavira,44122,NAMANJAVIRA
2018,Namajavira,70203,NAMANJAVIRA
2007,Namapa,111320,NAMAPA
2018,Namapa,157914,NAMAPA
2007,Namaponda,37122,NAMAPONDA
2018,Namaponda,51272,NAMAPONDA
2007,Namarroi,89053,NAMARROI
2018,Namarroi,119963,NAMARROI
2007,Nametil Sede,91397,NAMETIL
2018,Nametil Sede,200610,NAMETIL
2007,Namialo,50470,NAMIALO
2018,Namialo,74600,NAMIALO
2007,Naminge,44117,NAMIGE
2018,Naminge,68171,NAMIGE
2007,Namina,30286,NAMINA
2018,Namina,42276,NAMINA
2007,Namiroa,57177,NAMIROA
2018,Namiroa,81109,NAMIROA
2007,Namogelia,24883,NAMOGELIA
2018,Namogelia,31836,NAMOGELIA
2007,Namuno - Sede,75896,NAMUNO
2018,Namuno - Sede,104584,NAMUNO
2007,Nangade,35553,NANGADE
2018,Nangade,46165,NANGADE
2007,Nanhupo,38160,NANHUPO RIO
2018,Nanhupo,83758,NANHUPO RIO
2007,Nante,64008,NANTE
2018,Nante,80801,NANTE
2007,Nauela,88350,NAUELA
2018,Nauela,155128,NAUELA
2007,Ncumpe,30024,N'CUMPE
2018,Ncumpe,41373,N'CUMPE
2007,Ndelane,3298,NDELANE
2018,Ndelane,3975,NDELANE
2007,Negomano,2341,NEGOMANO
2018,Negomano,2940,NEGOMANO
2007,Netia,111021,NETIA
2018,Netia,164865,NETIA
2007,N'gapa,30803,N'GAPA
2018,N'gapa,38687,N'GAPA
2007,Nguawala,2250,NGUAWALA
2018,Nguawala,6077,NGUAWALA
2007,Nguzene,18106,NGUZENE
2018,Nguzene,21352,NGUZENE
2007,Nhacafula,7696,NHACAFULA
2018,Nhacafula,12501,NHACAFULA
2007,Nhacolo,24345,NHACOLO
2018,Nhacolo,39543,NHACOLO
2007,Nhamadzi,30937,NHAMADZE
2018,Nhamadzi,54867,NHAMADZE
2007,Nhamangua,13984,NHAMAGUA
2018,Nhamangua,37767,NHAMAGUA
2007,Nhamassonge,8452,NHAMASSONGE
2018,Nhamassonge,15114,NHAMASSONGE
2007,Nhamatanda,139482,NHAMATANDA
2018,Nhamatanda,246891,NHAMATANDA
2007,Nhamayabue,40493,NHAMAYABUE
2018,Nhamayabue,69185,NHAMAYABUE
2007,Nhampassa,33006,NHAMPASSA
2018,Nhampassa,83894,NHAMPASSA
2007,Nicoadala,121955,NICOADALA
2018,Nicoadala,149549,NICOADALA
2007,Nihessiue,30187,NIHESSIUE
2018,Nihessiue,45391,NIHESSIUE
2007,Nipepe,20392,NIPEPE
2018,Nipepe,30453,NIPEPE
2007,Nova Mambone,18634,NOVA MAMBONE
2018,Nova Mambone,26723,NOVA MAMBONE
2007,Nsadzo,19601,NSADZU
2018,Nsadzo,50218,NSADZU
2007,Ntengo-Wambalame,113882,NTENGO-WA-MBALAME
2018,Ntengo-Wambalame,194806,NTENGO-WA-MBALAME
2007,Ntlavene,8891,NTLAVENE
2018,Ntlavene,12301,NTLAVENE
2007,Nungo,5747,NUNGO
2018,Nungo,9005,NUNGO
2007,Ocua,45808,OCUA
2018,Ocua,58609,OCUA
2007,Olumbe,38216,OLUMBI
2018,Olumbe,59053,OLUMBI
2007,Pafuri,5112,PAFURI
2018,Pafuri,6498,PAFURI
2007,Palma,26073,PALMA
2018,Palma,30806,PALMA
2007,Palmeira,40208,PALMEIRA
2018,Palmeira,99824,PALMEIRA
2007,Panda,33851,PANDA
2018,Panda,40933,PANDA
2007,Panjane,4124,PANJANE
2018,Panjane,5493,PANJANE
2007,Papai,11066,PAPAI
2018,Papai,15249,PAPAI
2007,Pebane,60711,PEBANE
2018,Pebane,86356,PEBANE
2007,Pembe,19082,PEMBE
2018,Pembe,26497,PEMBE
2007,Pessene,14659,PESSENE
2018,Pessene,20682,PESSENE
2007,Praia De Bilene,7951,PRAIA DE BILENE
2018,Praia De Bilene,9726,PRAIA DE BILENE
2007,Pundanhar,3349,PUNDANHAR
2018,Pundanhar,3957,PUNDANHAR
2007,Quinga,34385,QUINGA
2018,Quinga,46868,QUINGA
2007,Quionga,6347,QUIONGA
2018,Quionga,7499,QUIONGA
2007,Quirimba,2564,QUIRIMBA
2018,Quirimba,3850,QUIRIMBA
2007,Quissanga-Sede,4513,QUISSANGA
2018,Quissanga-Sede,5231,QUISSANGA
2007,Quissico,77696,QUISSICO
2018,Quissico,101528,QUISSICO
2007,Quiterajo,8571,QUITERAJO
2018,Quiterajo,10903,QUITERAJO
2007,Quixaxe,22060,QUIXAXE
2018,Quixaxe,34088,QUIXAXE
2007,Rapale,57491,RAPALE
2018,Rapale,106614,RAPALE
2007,Regone,36946,REGONE
2018,Regone,49770,REGONE
2007,Ressano Garcia,8997,RESSANO GARCIA
2018,Ressano Garcia,12694,RESSANO GARCIA
2007,Ribaue,79307,RIBAUE
2018,Ribaue,141027,RIBAUE
2007,Rotanda,10833,ROTANDA
2018,Rotanda,17353,ROTANDA
2007,Sabie,16041,SABIE
2018,Sabie,22632,SABIE
2007,Saua - Saua,19544,SAUA-SAUA
2018,Saua - Saua,26716,SAUA-SAUA
2007,Save,44054,SAVE
2018,Save,69003,SAVE
2007,Sena,36568,SENA
2018,Sena,57102,SENA
2007,Socone,51550,SOCONE
2018,Socone,66394,SOCONE
2007,Sofala,27282,SOFALA
2018,Sofala,37746,SOFALA
2007,Songo,36523,SONGO
2018,Songo,70501,SONGO
2007,Subwe,14495,SUBWE
2018,Subwe,21526,SUBWE
2007,Sussundenga,50693,SUSSUNDENGA
2018,Sussundenga,81201,SUSSUNDENGA
2007,Tacuane,19072,TACUANE
2018,Tacuane,24208,TACUANE
2007,Tica,68505,TICA
2018,Tica,121258,TICA
2007,Tome,11735,TOME
2018,Tome,18158,TOME
2007,Tsangano,55510,TSANGANO
2018,Tsangano,94955,TSANGANO
2007,Ulongoe,141876,ULONGUE
2018,Ulongoe,217968,ULONGUE
2007,Unango,14941,UNANGO
2018,Unango,22884,UNANGO
2007,Urrene,8629,URRENE
2018,Urrene,10434,URRENE
2007,Vanduzi,87032,VANDUZI
2018,Vanduzi,146741,VANDUZI
2007,Vila Eduardo Mondlane,16189,VILA EDUARDO MONDLANE
2018,Vila Eduardo Mondlane,20579,VILA EDUARDO MONDLANE
2007,Vilankulo,70324,VILANKULO
2018,Vilankulo,101274,VILANKULO
2007,Xhalala,11940,XHALALA
2018,Xhalala,14081,XHALALA
2007,Xilembene,58492,XILEMBENE
2018,Xilembene,70367,XILEMBENE
2007,Xinavane,24769,XINAVANE
2018,Xinavane,61494,XINAVANE
2007,Zambue,14779,ZAMBUE
2018,Zambue,27803,ZAMBUE
2007,Zandamela,61449,ZANDAMELA
2018,Zandamela,80298,ZANDAMELA
2007,Zembe,18595,ZEMBE
2018,Zembe,31013,ZEMBE
2007,Zimane,7294,ZIMANE
2018,Zimane,9797,ZIMANE
2007,Zinave,14852,ZINAVE
2018,Zinave,19949,ZINAVE
2007,Zitundo,6191,ZITUNDO
2018,Zitundo,7462,ZITUNDO
2007,Zobue,107160,ZOBUE
2018,Zobue,264036,ZOBUE
2007,Zongoene,27278,ZONGOENE
2018,Zongoene,32944,ZONGOENE
2007,Zulo,9180,ZULO
2018,Zulo,13278,ZULO
2007,Zumbo,17121,ZUMBU
2018,Zumbo,32208,ZUMBU
